model,n_recs,mean_embedding_distance,median_embedding_distance,mean_original_audio_distance,artist_diversity,same_artist_rate,same_genre_rate,same_cluster_rate,mean_popularity_diff,mean_duration_diff,success_rate
PCA,10.0,0.11723890740781526,0.12252253495381182,1.654973838680869,0.9793999999999999,0.0068000000000000005,0.063,0.9726,20.9758,1.49947,1.0
MCA,10.0,0.03388647494573038,0.036061832010468566,2.3055191601933904,0.9783999999999999,0.006,0.047200000000000006,0.9836,21.2924,1.5214079999999999,1.0
CATPCA,10.0,0.12847078938094667,0.13535085613109207,1.8680383490392232,0.9806,0.0064,0.0634,0.9718,21.4292,1.505208,1.0
UMAP,10.0,0.08601441914092742,0.09008486787700624,1.2056659109130434,0.9626,0.0088,0.09179999999999999,1.0,20.5104,1.468218,1.0
